<?xml version="1.0" encoding="utf-16"?>
<Properties>
  <Property postal-code="VA-90000">
    <PropertyIdentifier>VA-90000.003.005.005</PropertyIdentifier>
    <Area>2300</Area>
    <DateOfAcquisition>28.08.2008</DateOfAcquisition>
  </Property>
  <Property postal-code="ST-60000">
    <PropertyIdentifier>ST-60000.004.002.002</PropertyIdentifier>
    <Area>1150</Area>
    <DateOfAcquisition>14.06.2002</DateOfAcquisition>
  </Property>
  <Property postal-code="PL-40000">
    <PropertyIdentifier>PL-40000.002.004.004</PropertyIdentifier>
    <Area>1050</Area>
    <DateOfAcquisition>03.03.2010</DateOfAcquisition>
  </Property>
  <Property postal-code="VI-37000">
    <PropertyIdentifier>VI-37000.001.003.003</PropertyIdentifier>
    <Area>800</Area>
    <DateOfAcquisition>20.08.1990</DateOfAcquisition>
  </Property>
  <Property postal-code="DO-93000">
    <PropertyIdentifier>DO-93000.001.004.004</PropertyIdentifier>
    <Area>600</Area>
    <DateOfAcquisition>21.11.2005</DateOfAcquisition>
  </Property>
  <Property postal-code="KA-66000">
    <PropertyIdentifier>KA-66000.001.002.002</PropertyIdentifier>
    <Area>360</Area>
    <DateOfAcquisition>23.07.1985</DateOfAcquisition>
  </Property>
  <Property postal-code="VI-37000">
    <PropertyIdentifier>VI-37000.001.001.001</PropertyIdentifier>
    <Area>350</Area>
    <DateOfAcquisition>10.10.1975</DateOfAcquisition>
  </Property>
  <Property postal-code="GA-53000">
    <PropertyIdentifier>GA-53000.001.004.004</PropertyIdentifier>
    <Area>330</Area>
    <DateOfAcquisition>15.08.2005</DateOfAcquisition>
  </Property>
  <Property postal-code="PA-44000">
    <PropertyIdentifier>PA-44000.001.001.001</PropertyIdentifier>
    <Area>300</Area>
    <DateOfAcquisition>22.05.1991</DateOfAcquisition>
  </Property>
  <Property postal-code="PL-40000">
    <PropertyIdentifier>PL-40000.002.003.003</PropertyIdentifier>
    <Area>250</Area>
    <DateOfAcquisition>05.08.1995</DateOfAcquisition>
  </Property>
  <Property postal-code="VT-50000">
    <PropertyIdentifier>VT-50000.001.005.005</PropertyIdentifier>
    <Area>250</Area>
    <DateOfAcquisition>09.09.2015</DateOfAcquisition>
  </Property>
  <Property postal-code="SI-75000">
    <PropertyIdentifier>SI-75000.004.001.001</PropertyIdentifier>
    <Area>230</Area>
    <DateOfAcquisition>12.05.2005</DateOfAcquisition>
  </Property>
  <Property postal-code="PA-44000">
    <PropertyIdentifier>PA-44000.001.002.002</PropertyIdentifier>
    <Area>220</Area>
    <DateOfAcquisition>12.07.2006</DateOfAcquisition>
  </Property>
  <Property postal-code="VA-90000">
    <PropertyIdentifier>VA-90000.003.003.003</PropertyIdentifier>
    <Area>200</Area>
    <DateOfAcquisition>03.02.2021</DateOfAcquisition>
  </Property>
  <Property postal-code="PL-40000">
    <PropertyIdentifier>PL-40000.002.001.001</PropertyIdentifier>
    <Area>180</Area>
    <DateOfAcquisition>14.06.1980</DateOfAcquisition>
  </Property>
  <Property postal-code="ST-60000">
    <PropertyIdentifier>ST-60000.004.003.003</PropertyIdentifier>
    <Area>180</Area>
    <DateOfAcquisition>05.12.1990</DateOfAcquisition>
  </Property>
  <Property postal-code="VR-30000">
    <PropertyIdentifier>VR-30000.001.001.001</PropertyIdentifier>
    <Area>180</Area>
    <DateOfAcquisition>05.11.2000</DateOfAcquisition>
  </Property>
  <Property postal-code="PA-44000">
    <PropertyIdentifier>PA-44000.001.003.003</PropertyIdentifier>
    <Area>180</Area>
    <DateOfAcquisition>30.09.2013</DateOfAcquisition>
  </Property>
  <Property postal-code="SL-88000">
    <PropertyIdentifier>SL-88000.005.004.004</PropertyIdentifier>
    <Area>160</Area>
    <DateOfAcquisition>03.03.1995</DateOfAcquisition>
  </Property>
  <Property postal-code="GA-53000">
    <PropertyIdentifier>GA-53000.001.007.007</PropertyIdentifier>
    <Area>150</Area>
    <DateOfAcquisition>22.02.1995</DateOfAcquisition>
  </Property>
  <Property postal-code="PE-23000">
    <PropertyIdentifier>PE-23000.001.002.002</PropertyIdentifier>
    <Area>150</Area>
    <DateOfAcquisition>10.09.1996</DateOfAcquisition>
  </Property>
  <Property postal-code="RA-72000">
    <PropertyIdentifier>RA-72000.004.003.003</PropertyIdentifier>
    <Area>150</Area>
    <DateOfAcquisition>05.05.2000</DateOfAcquisition>
  </Property>
  <Property postal-code="VT-50000">
    <PropertyIdentifier>VT-50000.001.003.003</PropertyIdentifier>
    <Area>150</Area>
    <DateOfAcquisition>22.08.2000</DateOfAcquisition>
  </Property>
  <Property postal-code="PA-44000">
    <PropertyIdentifier>PA-44000.001.004.004</PropertyIdentifier>
    <Area>150</Area>
    <DateOfAcquisition>15.08.2001</DateOfAcquisition>
  </Property>
  <Property postal-code="BL-27000">
    <PropertyIdentifier>BL-27000.003.003.003</PropertyIdentifier>
    <Area>150</Area>
    <DateOfAcquisition>30.09.2005</DateOfAcquisition>
  </Property>
  <Property postal-code="SF-10000">
    <PropertyIdentifier>SF-10000.004.002.002</PropertyIdentifier>
    <Area>150</Area>
    <DateOfAcquisition>10.02.2023</DateOfAcquisition>
  </Property>
  <Property postal-code="VA-90000">
    <PropertyIdentifier>VA-90000.003.004.004</PropertyIdentifier>
    <Area>140</Area>
    <DateOfAcquisition>17.05.1990</DateOfAcquisition>
  </Property>
  <Property postal-code="SH-97000">
    <PropertyIdentifier>SH-97000.001.002.002</PropertyIdentifier>
    <Area>140</Area>
    <DateOfAcquisition>29.09.1990</DateOfAcquisition>
  </Property>
  <Property postal-code="PE-23000">
    <PropertyIdentifier>PE-23000.001.004.004</PropertyIdentifier>
    <Area>140</Area>
    <DateOfAcquisition>15.07.1991</DateOfAcquisition>
  </Property>
  <Property postal-code="SL-88000">
    <PropertyIdentifier>SL-88000.005.002.002</PropertyIdentifier>
    <Area>140</Area>
    <DateOfAcquisition>10.09.2005</DateOfAcquisition>
  </Property>
  <Property postal-code="RU-70000">
    <PropertyIdentifier>RU-70000.005.003.003</PropertyIdentifier>
    <Area>140</Area>
    <DateOfAcquisition>22.04.2010</DateOfAcquisition>
  </Property>
  <Property postal-code="ST-60000">
    <PropertyIdentifier>ST-60000.004.004.004</PropertyIdentifier>
    <Area>130</Area>
    <DateOfAcquisition>17.08.1985</DateOfAcquisition>
  </Property>
  <Property postal-code="HA-63000">
    <PropertyIdentifier>HA-63000.001.002.002</PropertyIdentifier>
    <Area>130</Area>
    <DateOfAcquisition>03.08.1998</DateOfAcquisition>
  </Property>
  <Property postal-code="KY-25000">
    <PropertyIdentifier>KY-25000.001.004.004</PropertyIdentifier>
    <Area>125</Area>
    <DateOfAcquisition>14.06.1986</DateOfAcquisition>
  </Property>
  <Property postal-code="PE-23000">
    <PropertyIdentifier>PE-23000.001.001.001</PropertyIdentifier>
    <Area>120</Area>
    <DateOfAcquisition>05.06.1981</DateOfAcquisition>
  </Property>
  <Property postal-code="BL-27000">
    <PropertyIdentifier>BL-27000.003.001.001</PropertyIdentifier>
    <Area>120</Area>
    <DateOfAcquisition>25.04.1990</DateOfAcquisition>
  </Property>
  <Property postal-code="KA-66000">
    <PropertyIdentifier>KA-66000.001.003.003</PropertyIdentifier>
    <Area>120</Area>
    <DateOfAcquisition>22.10.1993</DateOfAcquisition>
  </Property>
  <Property postal-code="VR-30000">
    <PropertyIdentifier>VR-30000.001.002.002</PropertyIdentifier>
    <Area>120</Area>
    <DateOfAcquisition>22.03.1995</DateOfAcquisition>
  </Property>
  <Property postal-code="BL-27000">
    <PropertyIdentifier>BL-27000.003.004.004</PropertyIdentifier>
    <Area>120</Area>
    <DateOfAcquisition>05.05.1995</DateOfAcquisition>
  </Property>
  <Property postal-code="VI-37000">
    <PropertyIdentifier>VI-37000.001.005.005</PropertyIdentifier>
    <Area>120</Area>
    <DateOfAcquisition>30.09.1995</DateOfAcquisition>
  </Property>
  <Property postal-code="LO-55000">
    <PropertyIdentifier>LO-55000.001.002.002</PropertyIdentifier>
    <Area>120</Area>
    <DateOfAcquisition>15.08.1996</DateOfAcquisition>
  </Property>
  <Property postal-code="TA-77000">
    <PropertyIdentifier>TA-77000.001.003.003</PropertyIdentifier>
    <Area>120</Area>
    <DateOfAcquisition>20.11.1996</DateOfAcquisition>
  </Property>
  <Property postal-code="SL-88000">
    <PropertyIdentifier>SL-88000.005.001.001</PropertyIdentifier>
    <Area>120</Area>
    <DateOfAcquisition>15.07.1998</DateOfAcquisition>
  </Property>
  <Property postal-code="YA-86000">
    <PropertyIdentifier>YA-86000.001.001.001</PropertyIdentifier>
    <Area>120</Area>
    <DateOfAcquisition>20.07.1998</DateOfAcquisition>
  </Property>
  <Property postal-code="ST-60000">
    <PropertyIdentifier>ST-60000.004.001.001</PropertyIdentifier>
    <Area>120</Area>
    <DateOfAcquisition>20.10.1998</DateOfAcquisition>
  </Property>
  <Property postal-code="PL-58000">
    <PropertyIdentifier>PL-58000.002.002.001</PropertyIdentifier>
    <Area>120</Area>
    <DateOfAcquisition>21.03.2001</DateOfAcquisition>
  </Property>
  <Property postal-code="RU-70000">
    <PropertyIdentifier>RU-70000.005.001.001</PropertyIdentifier>
    <Area>120</Area>
    <DateOfAcquisition>01.06.2002</DateOfAcquisition>
  </Property>
  <Property postal-code="SF-10000">
    <PropertyIdentifier>SF-10000.003.002.001</PropertyIdentifier>
    <Area>120</Area>
    <DateOfAcquisition>01.02.2022</DateOfAcquisition>
  </Property>
  <Property postal-code="MO-34000">
    <PropertyIdentifier>MO-34000.001.002.002</PropertyIdentifier>
    <Area>110</Area>
    <DateOfAcquisition>22.10.1993</DateOfAcquisition>
  </Property>
  <Property postal-code="HA-63000">
    <PropertyIdentifier>HA-63000.001.004.004</PropertyIdentifier>
    <Area>110</Area>
    <DateOfAcquisition>15.06.1995</DateOfAcquisition>
  </Property>
  <Property postal-code="VA-90000">
    <PropertyIdentifier>VA-90000.003.001.001</PropertyIdentifier>
    <Area>110</Area>
    <DateOfAcquisition>22.07.2015</DateOfAcquisition>
  </Property>
  <Property postal-code="RA-72000">
    <PropertyIdentifier>RA-72000.004.001.001</PropertyIdentifier>
    <Area>100</Area>
    <DateOfAcquisition>15.03.1990</DateOfAcquisition>
  </Property>
  <Property postal-code="SI-75000">
    <PropertyIdentifier>SI-75000.004.002.002</PropertyIdentifier>
    <Area>100</Area>
    <DateOfAcquisition>30.03.1990</DateOfAcquisition>
  </Property>
  <Property postal-code="VT-50000">
    <PropertyIdentifier>VT-50000.001.002.002</PropertyIdentifier>
    <Area>100</Area>
    <DateOfAcquisition>12.11.1990</DateOfAcquisition>
  </Property>
  <Property postal-code="KA-66000">
    <PropertyIdentifier>KA-66000.001.005.005</PropertyIdentifier>
    <Area>100</Area>
    <DateOfAcquisition>05.06.1991</DateOfAcquisition>
  </Property>
  <Property postal-code="TA-77000">
    <PropertyIdentifier>TA-77000.001.001.001</PropertyIdentifier>
    <Area>100</Area>
    <DateOfAcquisition>28.04.2001</DateOfAcquisition>
  </Property>
  <Property postal-code="SH-97000">
    <PropertyIdentifier>SH-97000.001.001.001</PropertyIdentifier>
    <Area>100</Area>
    <DateOfAcquisition>14.04.2005</DateOfAcquisition>
  </Property>
  <Property postal-code="PE-23000">
    <PropertyIdentifier>PE-23000.001.003.003</PropertyIdentifier>
    <Area>100</Area>
    <DateOfAcquisition>22.11.2006</DateOfAcquisition>
  </Property>
  <Property postal-code="SF-10000">
    <PropertyIdentifier>SF-10000.006.003.002</PropertyIdentifier>
    <Area>100</Area>
    <DateOfAcquisition>15.07.2022</DateOfAcquisition>
  </Property>
</Properties>